,formula,Ef,num_atoms
21,UO2,-3.8192987939272,3.0
166,U3O8,-3.34901594132748,11.0
181,U2O3,-3.32372922653689,5.0
354,UO3,-3.13105211222759,4.0
936,UO,-2.64427993420142,2.0
1191,UNO,-2.44346775874878,3.0
1562,U3NO2,-2.22137324911222,6.0
2063,U3O2,-2.00933231986596,5.0
2279,U2N2O,-1.89610320332279,5.0
2959,U2N3,-1.5127065652061,5.0
2996,UN2,-1.495191535229,3.0
3083,U3N4,-1.43483207233915,7.0
3110,UN,-1.41583815017175,2.0
3231,U4N2O,-1.29715381023745,7.0
3924,U3N2,-0.837501544137403,5.0
4290,U2O,-0.731426843642314,3.0
5821,U3O,-0.50102903211276,4.0
13245,UN3,-0.0864766302576285,4.0
27154,U3N,0.246829169914124,4.0
0,U3O13,-2.6835165333165625,32.0
1,UNO2,-2.172366789112323,4.0
2,U3O14,-2.6507301382268187,17.0
3,UO5,-2.6148564727419883,12.0
4,U2O9,-2.6401010834300163,33.0
5,UO14,-2.6678337749766072,15.0
6,UO8,-2.594598637501088,9.0
7,UN18,-0.595715781183339,19.0
8,UN4,-0.31809275456917574,5.0
9,UO7,-2.5898394289618816,8.0
10,UO6,-2.6306287167118176,7.0
11,UN5,-0.3324629141159661,6.0
12,UN6,-0.5321777924428949,7.0
13,UO11,-2.6111879120008723,12.0
14,U2N11,-0.3998394567163529,13.0
15,U4N15,-0.2796642837893569,19.0
16,UN8,-0.629315925033851,9.0
17,UO6,-2.6306287167118176,14.0
18,U2N5,-0.5327911091125588,7.0
19,U(NO)2,-1.757936471843419,5.0
20,UO10,-2.638371882864742,11.0
21,UN9,-0.5927746736048696,10.0
22,U3N5,-1.372197713363515,8.0
23,UO12,-2.6106679524315117,13.0
24,UNO4,-2.334033109743879,6.0
25,U2N7,-0.2796642837893569,9.0
26,U2N9,-0.33143121182123064,11.0
27,U2N25,-0.580595216664548,27.0
28,U4N9,-0.8794315841447473,13.0
29,UN7,-0.6228172845033575,8.0
30,U4N7,-1.2587789931041202,11.0
31,UN4,-0.31809275456917574,10.0
32,UN16,-0.599472311029279,17.0
33,U3N14,-0.33143121182123064,17.0
34,U4N5,-1.4277317973717607,9.0
35,UN13,-0.580595216664548,14.0
36,U3N11,-0.2796642837893569,14.0
37,U4N19,-0.33143121182123064,23.0
38,U2N13,-0.6225264266323559,15.0
39,UN4,-0.31809275456917574,15.0
40,UN14,-0.5747190151351363,15.0
41,UN10,-0.5877451309943649,11.0
42,UO4,-2.6802161913984195,5.0
43,UN12,-0.580595216664548,13.0
44,UN21,-0.595715781183339,22.0
45,UN5O2,-1.3465601156410691,8.0
46,UN11,-0.581471771523425,12.0
47,U2N4O,-1.1422998485007798,7.0
48,UN3O,-1.3581936407533137,5.0
49,U4N3,-0.7497098804803621,7.0
50,U2N5O,-1.2541785699235686,8.0
51,U3N6O,-1.1875661291265527,10.0
52,U8N17O,-1.1265662298144907,26.0
53,UN3O2,-1.406368772325109,6.0
54,U6O23,-2.729018990845941,29.0
55,UN2O,-1.3083768556707687,4.0
56,U2N6O,-1.2731391942376793,9.0
57,U2N3O,-1.1490562192586382,6.0
58,U3N2O3,-2.4657582305412507,8.0
59,U2N9O2,-1.4134850102808996,13.0
60,U3N7O2,-1.2652859837490205,12.0
61,U2NO,-2.1238827823148316,4.0
62,U3N2O,-1.873533556861938,6.0
63,U(N3O)2,-1.353501487261087,9.0
64,U4N3O2,-1.9198853361453447,9.0
65,UN4O,-1.4155319381648177,6.0
66,U(N4O3)2,-1.4247765927233005,15.0
67,U(N2O)2,-1.3726854651700549,7.0
68,U2O5,-3.1645125636851357,7.0
69,U2O7,-2.704413355463881,9.0
70,U5O31,-2.5439702191822033,36.0
71,UO16,-2.66513245044728,17.0
72,U3O5,-3.365187526645471,8.0
73,U2O19,-2.641063314492051,21.0
74,U3NO,-1.6414727888239864,5.0
75,UO5,-2.6148564727419883,6.0
76,U3O7,-3.3192863174801905,10.0
77,UO4,-2.6802161913984195,10.0
78,UN3O4,-1.7715049449743017,8.0
79,UO22,-2.66513245044728,23.0
80,U(N3O)4,-1.4271563487580625,17.0
81,U2O11,-2.5614467580275466,13.0
82,U4O13,-2.7173801597354057,17.0
83,UN2O3,-1.842528613954709,6.0
84,U3O17,-2.592932175949523,20.0
85,U(NO2)2,-1.8107654598127798,7.0
86,U2O49,-2.683466121737284,51.0
87,U4O31,-2.6316187530403874,35.0
88,UNO3,-2.172032617657586,5.0
89,U3O16,-2.5642913549628417,19.0
90,UO9,-2.5655236229515532,10.0
91,U8O15,-3.4976317266964676,23.0
92,U3N3O2,-2.296400730935153,8.0
93,UN6O,-1.40799515100765,8.0
94,U2N,-0.49613962463198635,3.0
95,U2O9,-2.6401010834300163,11.0
96,U3O11,-2.708082868049609,14.0
97,U2O25,-2.649661234681182,27.0
98,U3(NO)2,-2.005956064031599,7.0
99,U4O23,-2.589110311776454,27.0
100,U2N3O2,-1.2410515748328486,7.0
101,U2O27,-2.6678337749766072,29.0
102,U5O4,-2.046040104335672,9.0
103,U11(N3O2)6,-1.2386885121306883,41.0
104,U2N3O17,-2.032177153978294,22.0
105,U4O3,-1.9910227299847576,7.0
106,U4O5,-2.8773662828098594,9.0
107,U3O4,-3.267271146987665,7.0
108,U(NO)4,-1.683762335313519,9.0
109,U2N5O6,-1.7531856062123374,13.0
110,U2N2O3,-2.144140771139564,7.0
111,U(NO)3,-1.7104025999957138,7.0
112,U2O17,-2.562016792255797,19.0
113,U5N8O3,-1.196458752121218,16.0
114,U2N4O3,-1.3926989191853212,9.0
115,U2N,-0.49613962463198635,6.0
116,UO20,-2.66513245044728,21.0
117,U2O15,-2.6127470287497787,17.0
118,UO28,-2.683466121737284,29.0
119,U6NO2,-1.0803912959156439,9.0
120,U2(NO)3,-1.6555057625703586,8.0
121,U2NO3,-2.2445217647510027,6.0
122,U4O,-0.5646419344173202,5.0
123,U2NO2,-2.1744220174353805,5.0
124,U4NO,-1.0958915895891708,6.0
125,U2NO4,-2.315998222104536,7.0
126,U5O2,-0.6342963526878774,7.0
127,U5O3,-1.6551406293782596,8.0
128,U4NO3,-2.211557747244771,8.0
129,UN4O3,-1.405643221048082,8.0
130,U2NO5,-2.4548263600833837,8.0
